Workbook

Sheet ReadMe
A1: GST INPUT-CREDIT RECONCILIATION TOOL
A3: WHAT IT DOES: matches your Purchase Register against GSTR-2B on (GSTIN | Invoice No) and
A4: flags each line. Replace the dummy data in the two input sheets with your own and it recomputes.
A6: THE FOUR OUTCOMES:
A7: - Matched .................. present in both, values agree -> ITC safe to claim.
A8: - Matched with difference .. present in both, value/tax differs -> investigate & fix.
A9: - In books, not in 2B ...... you recorded it, supplier hasn't filed -> ITC AT RISK, follow up.
A10: - In 2B, not in books ...... appears in 2B but not in your books -> missed entry, or not yours.
A12: WHY IT MATTERS (ITC rules, in brief):
A13: - Sec 16(2)(aa) / Rule 36(4): ITC can be claimed only if the invoice appears in GSTR-2B.
A14: So 'In books, not in 2B' credit cannot be taken until the supplier files it.
A15: - Other conditions for ITC: valid tax invoice held, goods/services received, tax actually
... A19: NOTE: dummy data for demonstration. Verify the current rules before relying on this in practice.

Sheet Purchase_Register
A1: PURCHASE REGISTER (your books)
A2: Supplier | B2: Supplier GSTIN | C2: Invoice No | D2: Invoice Date | E2: Taxable Value | F2: IGST | G2: CGST | H2: SGST | I2: Total Tax | J2: Match Key | K2: 2B Taxable | L2: 2B Total Tax | M2: Tax Difference | N2: Status
A3: Alpha Traders | B3: 27AABCA1234A1Z5 | C3: INV-1001 | D3: 2026-04-03 | E3: 100000 | F3: 18000 | G3: 0 | H3: 0 | I3: =F3+G3+H3 | J3: =B3&"|"&C3 | K3: =IFERROR(INDEX(GSTR_2B!$E:$E,MATCH(J3,GSTR_2B!$J:$J,0)),"--") | L3: =IFERROR(INDEX(GSTR_2B!$I:$I,MATCH(J3,GSTR_2B!$J:$J,0)),"--") | M3: =IF(ISNUMBER(L3),I3-L3,"--") | N3: =IF(NOT(ISNUMBER(L3)),"In books, not in 2B (ITC at risk)",IF(AND(ABS(I3-L3)<=1,ABS(E3-K3)<=1),"Matched","Matched with difference"))
A4: Bharat Supplies | B4: 33BBPCB5678B1Z3 | C4: INV-2002 | D4: 2026-04-07 | E4: 50000 | F4: 0 | G4: 4500 | H4: 4500 | I4: =F4+G4+H4 | J4: =B4&"|"&C4 | K4: =IFERROR(INDEX(GSTR_2B!$E:$E,MATCH(J4,GSTR_2B!$J:$J,0)),"--") | L4: =IFERROR(INDEX(GSTR_2B!$I:$I,MATCH(J4,GSTR_2B!$J:$J,0)),"--") | M4: =IF(ISNUMBER(L4),I4-L4,"--") | N4: =IF(NOT(ISNUMBER(L4)),"In books, not in 2B (ITC at risk)",IF(AND(ABS(I4-L4)<=1,ABS(E4-K4)<=1),"Matched","Matched with difference"))
A5: Chola Steel | B5: 33CCDCC9012C1Z1 | C5: INV-3003 | D5: 2026-04-12 | E5: 80000 | F5: 14400 | G5: 0 | H5: 0 | I5: =F5+G5+H5 | J5: =B5&"|"&C5 | K5: =IFERROR(INDEX(GSTR_2B!$E:$E,MATCH(J5,GSTR_2B!$J:$J,0)),"--") | L5: =IFERROR(INDEX(GSTR_2B!$I:$I,MATCH(J5,GSTR_2B!$J:$J,0)),"--") | M5: =IF(ISNUMBER(L5),I5-L5,"--") | N5: =IF(NOT(ISNUMBER(L5)),"In books, not in 2B (ITC at risk)",IF(AND(ABS(I5-L5)<=1,ABS(E5-K5)<=1),"Matched","Matched with difference"))
A6: Deccan Pipes | B6: 36DDECD3456D1Z9 | C6: INV-4004 | D6: 2026-04-15 | E6: 30000 | F6: 5400 | G6: 0 | H6: 0 | I6: =F6+G6+H6 | J6: =B6&"|"&C6 | K6: =IFERROR(INDEX(GSTR_2B!$E:$E,MATCH(J6,GSTR_2B!$J:$J,0)),"--") | L6: =IFERROR(INDEX(GSTR_2B!$I:$I,MATCH(J6,GSTR_2B!$J:$J,0)),"--") | M6: =IF(ISNUMBER(L6),I6-L6,"--") | N6: =IF(NOT(ISNUMBER(L6)),"In books, not in 2B (ITC at risk)",IF(AND(ABS(I6-L6)<=1,ABS(E6-K6)<=1),"Matched","Matched with difference"))
A7: Everest Tools | B7: 29EEFCE7890E1Z7 | C7: INV-5005 | D7: 2026-04-18 | E7: 25000 | F7: 0 | G7: 2250 | H7: 2250 | I7: =F7+G7+H7 | J7: =B7&"|"&C7 | K7: =IFERROR(INDEX(GSTR_2B!$E:$E,MATCH(J7,GSTR_2B!$J:$J,0)),"--") | L7: =IFERROR(INDEX(GSTR_2B!$I:$I,MATCH(J7,GSTR_2B!$J:$J,0)),"--") | M7: =IF(ISNUMBER(L7),I7-L7,"--") | N7: =IF(NOT(ISNUMBER(L7)),"In books, not in 2B (ITC at risk)",IF(AND(ABS(I7-L7)<=1,ABS(E7-K7)<=1),"Matched","Matched with difference"))
A8: Falcon Pack | B8: 24FFGCF2345F1Z2 | C8: INV-6006 | D8: 2026-04-22 | E8: 60000 | F8: 10800 | G8: 0 | H8: 0 | I8: =F8+G8+H8 | J8: =B8&"|"&C8 | K8: =IFERROR(INDEX(GSTR_2B!$E:$E,MATCH(J8,GSTR_2B!$J:$J,0)),"--") | L8: =IFERROR(INDEX(GSTR_2B!$I:$I,MATCH(J8,GSTR_2B!$J:$J,0)),"--") | M8: =IF(ISNUMBER(L8),I8-L8,"--") | N8: =IF(NOT(ISNUMBER(L8)),"In books, not in 2B (ITC at risk)",IF(AND(ABS(I8-L8)<=1,ABS(E8-K8)<=1),"Matched","Matched with difference"))
A9: Ganga Chem | B9: 33GGHCG6789G1Z4 | C9: INV-7007 | D9: 2026-04-25 | E9: 45000 | F9: 0 | G9: 4050 | H9: 4050 | I9: =F9+G9+H9 | J9: =B9&"|"&C9 | K9: =IFERROR(INDEX(GSTR_2B!$E:$E,MATCH(J9,GSTR_2B!$J:$J,0)),"--") | L9: =IFERROR(INDEX(GSTR_2B!$I:$I,MATCH(J9,GSTR_2B!$J:$J,0)),"--") | M9: =IF(ISNUMBER(L9),I9-L9,"--") | N9: =IF(NOT(ISNUMBER(L9)),"In books, not in 2B (ITC at risk)",IF(AND(ABS(I9-L9)<=1,ABS(E9-K9)<=1),"Matched","Matched with difference"))
A10: Hind Logistics | B10: 27HHICH0123H1Z6 | C10: INV-8008 | D10: 2026-04-28 | E10: 20000 | F10: 3600 | G10: 0 | H10: 0 | I10: =F10+G10+H10 | J10: =B10&"|"&C10 | K10: =IFERROR(INDEX(GSTR_2B!$E:$E,MATCH(J10,GSTR_2B!$J:$J,0)),"--") | L10: =IFERROR(INDEX(GSTR_2B!$I:$I,MATCH(J10,GSTR_2B!$J:$J,0)),"--") | M10: =IF(ISNUMBER(L10),I10-L10,"--") | N10: =IF(NOT(ISNUMBER(L10)),"In books, not in 2B (ITC at risk)",IF(AND(ABS(I10-L10)<=1,ABS(E10-K10)<=1),"Matched","Matched with difference"))

Sheet GSTR_2B
A1: GSTR-2B (what suppliers filed)
A2: Supplier | B2: Supplier GSTIN | C2: Invoice No | D2: Invoice Date | E2: Taxable Value | F2: IGST | G2: CGST | H2: SGST | I2: Total Tax | J2: Match Key | K2: In Books? | L2: Status
A3: Alpha Traders | B3: 27AABCA1234A1Z5 | C3: INV-1001 | D3: 2026-04-03 | E3: 100000 | F3: 18000 | G3: 0 | H3: 0 | I3: =F3+G3+H3 | J3: =B3&"|"&C3 | K3: =IF(COUNTIF(Purchase_Register!$J:$J,J3)>0,"Yes","No") | L3: =IF(K3="No","In 2B, not in books","Also in books")
A4: Bharat Supplies | B4: 33BBPCB5678B1Z3 | C4: INV-2002 | D4: 2026-04-07 | E4: 50000 | F4: 0 | G4: 4500 | H4: 4500 | I4: =F4+G4+H4 | J4: =B4&"|"&C4 | K4: =IF(COUNTIF(Purchase_Register!$J:$J,J4)>0,"Yes","No") | L4: =IF(K4="No","In 2B, not in books","Also in books")
A5: Chola Steel | B5: 33CCDCC9012C1Z1 | C5: INV-3003 | D5: 2026-04-12 | E5: 78000 | F5: 14040 | G5: 0 | H5: 0 | I5: =F5+G5+H5 | J5: =B5&"|"&C5 | K5: =IF(COUNTIF(Purchase_Register!$J:$J,J5)>0,"Yes","No") | L5: =IF(K5="No","In 2B, not in books","Also in books")
A6: Everest Tools | B6: 29EEFCE7890E1Z7 | C6: INV-5005 | D6: 2026-04-18 | E6: 25000 | F6: 0 | G6: 2250 | H6: 2250 | I6: =F6+G6+H6 | J6: =B6&"|"&C6 | K6: =IF(COUNTIF(Purchase_Register!$J:$J,J6)>0,"Yes","No") | L6: =IF(K6="No","In 2B, not in books","Also in books")
A7: Falcon Pack | B7: 24FFGCF2345F1Z2 | C7: INV-6006 | D7: 2026-04-22 | E7: 60000 | F7: 10800 | G7: 0 | H7: 0 | I7: =F7+G7+H7 | J7: =B7&"|"&C7 | K7: =IF(COUNTIF(Purchase_Register!$J:$J,J7)>0,"Yes","No") | L7: =IF(K7="No","In 2B, not in books","Also in books")
A8: Hind Logistics | B8: 27HHICH0123H1Z6 | C8: INV-8008 | D8: 2026-04-28 | E8: 20000 | F8: 3600 | G8: 0 | H8: 0 | I8: =F8+G8+H8 | J8: =B8&"|"&C8 | K8: =IF(COUNTIF(Purchase_Register!$J:$J,J8)>0,"Yes","No") | L8: =IF(K8="No","In 2B, not in books","Also in books")
A9: Iyer Agencies | B9: 33IIJCI4567I1Z8 | C9: INV-9009 | D9: 2026-04-29 | E9: 40000 | F9: 7200 | G9: 0 | H9: 0 | I9: =F9+G9+H9 | J9: =B9&"|"&C9 | K9: =IF(COUNTIF(Purchase_Register!$J:$J,J9)>0,"Yes","No") | L9: =IF(K9="No","In 2B, not in books","Also in books")

Sheet Summary
A1: RECONCILIATION SUMMARY
A2: Category | B2: Count | C2: Tax amount (Rs)
A3: Matched | B3: =COUNTIF(Purchase_Register!N:N,"Matched") | C3: =SUMIF(Purchase_Register!N:N,"Matched",Purchase_Register!I:I)
A4: Matched with difference | B4: =COUNTIF(Purchase_Register!N:N,"Matched with difference") | C4: =SUMIF(Purchase_Register!N:N,"Matched with difference",Purchase_Register!I:I)
A5: In books, not in 2B (ITC AT RISK) | B5: =COUNTIF(Purchase_Register!N:N,"In books, not in 2B (ITC at risk)") | C5: =SUMIF(Purchase_Register!N:N,"In books, not in 2B (ITC at risk)",Purchase_Register!I:I)
A6: In 2B, not in books | B6: =COUNTIF(GSTR_2B!L:L,"In 2B, not in books") | C6: =SUMIF(GSTR_2B!L:L,"In 2B, not in books",GSTR_2B!I:I)
A8: Total ITC in books | B8: =COUNT(Purchase_Register!I3:I100) | C8: =SUM(Purchase_Register!I:I)
A9: ITC safe to claim now (matched) | C9: =SUMIF(Purchase_Register!N:N,"Matched",Purchase_Register!I:I)
A10: ITC to follow up (at risk + difference) | C10: =SUM(Purchase_Register!I:I)-SUMIF(Purchase_Register!N:N,"Matched",Purchase_Register!I:I)
